fecha,tipo,venta_real_historica,prediccion_futura,limite_inferior,limite_superior,Hay_Promocion,Impacto_Futbol
2023-01-23,historico,2013.75,,,,0,0.0
2023-01-30,historico,5331.9,,,,0,0.0
2023-02-06,historico,3318.15,,,,0,0.0
2023-02-13,historico,3318.15,,,,0,0.0
2023-02-20,historico,3318.15,,,,0,0.0
2023-02-27,historico,9468.3,,,,0,0.0
2023-03-06,historico,6150.15,,,,0,0.0
2023-03-13,historico,6150.15,,,,0,0.0
2023-03-20,historico,6150.15,,,,0,0.0
2023-03-27,historico,12939.82,,,,0,45.0
2023-04-03,historico,6789.67,,,,0,69.0
2023-04-10,historico,6789.67,,,,0,45.0
2023-04-17,historico,6789.67,,,,0,45.0
2023-04-24,historico,6789.67,,,,0,54.0
2023-05-01,historico,8484.53,,,,0,54.0
2023-05-08,historico,8484.53,,,,0,54.0
2023-05-15,historico,8484.53,,,,0,51.0
2023-05-22,historico,8484.53,,,,0,75.0
2023-05-29,historico,15707.79,,,,0,0.0
2023-06-05,historico,7223.26,,,,0,0.0
2023-06-12,historico,7223.26,,,,0,0.0
2023-06-19,historico,7223.26,,,,0,0.0
2023-06-26,historico,12469.98,,,,0,0.0
2023-07-03,historico,5246.72,,,,0,0.0
2023-07-10,historico,5246.72,,,,0,0.0
2023-07-17,historico,5246.72,,,,0,0.0
2023-07-24,historico,5246.72,,,,0,0.0
2023-07-31,historico,11143.84,,,,0,18.0
2023-08-07,historico,5897.12,,,,0,45.0
2023-08-14,historico,5897.12,,,,0,27.0
2023-08-21,historico,5897.12,,,,0,51.0
2023-08-28,historico,12244.9,,,,0,48.0
2023-09-04,historico,6347.78,,,,0,0.0
2023-09-11,historico,6347.78,,,,0,45.0
2023-09-18,historico,6347.78,,,,0,51.0
2023-09-25,historico,11320.94,,,,0,45.0
2023-10-02,historico,4973.16,,,,0,51.0
2023-10-09,historico,4973.16,,,,0,0.0
2023-10-16,historico,4973.16,,,,0,36.0
2023-10-23,historico,4973.16,,,,0,54.0
2023-10-30,historico,11099.47,,,,0,54.0
2023-11-06,historico,6126.3,,,,0,57.0
2023-11-13,historico,6126.3,,,,0,0.0
2023-11-20,historico,6126.3,,,,0,45.0
2023-11-27,historico,11533.24,,,,0,51.0
2023-12-04,historico,5406.94,,,,0,93.0
2023-12-11,historico,5406.94,,,,0,42.0
2023-12-18,historico,5406.94,,,,0,45.0
2023-12-25,historico,5406.94,,,,0,81.0
2024-01-01,historico,4455.23,,,,0,21.0
2024-01-08,historico,4455.23,,,,0,15.0
2024-01-15,historico,4455.23,,,,0,12.0
2024-01-22,historico,4455.23,,,,0,30.0
2024-01-29,historico,8765.11,,,,0,81.0
2024-02-05,historico,4309.88,,,,0,51.0
2024-02-12,historico,4309.88,,,,0,54.0
2024-02-19,historico,4309.88,,,,0,48.0
2024-02-26,historico,12464.72,,,,0,66.0
2024-03-04,historico,8154.83,,,,0,30.0
2024-03-11,historico,8154.83,,,,0,39.0
2024-03-18,historico,8154.83,,,,0,0.0
2024-03-25,historico,8154.83,,,,0,48.0
2024-04-01,historico,5973.81,,,,0,78.0
2024-04-08,historico,5973.81,,,,0,45.0
2024-04-15,historico,5973.81,,,,0,27.0
2024-04-22,historico,5973.81,,,,0,66.0
2024-04-29,historico,14353.39,,,,0,48.0
2024-05-06,historico,8379.59,,,,0,48.0
2024-05-13,historico,8379.59,,,,0,78.0
2024-05-20,historico,8379.59,,,,0,0.0
2024-05-27,historico,16463.15,,,,0,0.0
2024-06-03,historico,8083.57,,,,0,0.0
2024-06-10,historico,8083.57,,,,0,0.0
2024-06-17,historico,8083.57,,,,0,0.0
2024-06-24,historico,8083.57,,,,0,0.0
2024-07-01,historico,9484.81,,,,0,0.0
2024-07-08,historico,9484.81,,,,0,0.0
2024-07-15,historico,9484.81,,,,0,0.0
2024-07-22,historico,9484.81,,,,0,0.0
2024-07-29,historico,19002.95,,,,0,15.0
2024-08-05,historico,9518.14,,,,0,21.0
2024-08-12,historico,9518.14,,,,0,27.0
2024-08-19,historico,9518.14,,,,0,51.0
2024-08-26,historico,14105.9,,,,0,48.0
2024-09-02,historico,4587.76,,,,0,0.0
2024-09-09,historico,4587.76,,,,0,48.0
2024-09-16,historico,4587.76,,,,0,36.0
2024-09-23,historico,4587.76,,,,0,45.0
2024-09-30,historico,11932.88,,,,0,51.0
2024-10-07,historico,7345.12,,,,0,0.0
2024-10-14,historico,7345.12,,,,0,45.0
2024-10-21,historico,7345.12,,,,0,51.0
2024-10-28,historico,13944.57,,,,0,57.0
2024-11-04,historico,6599.45,,,,0,51.0
2024-11-11,historico,6599.45,,,,0,0.0
2024-11-18,historico,6599.45,,,,0,45.0
2024-11-25,historico,11910.84,,,,0,54.0
2024-12-02,historico,5311.39,,,,0,81.0
2024-12-09,historico,5311.39,,,,0,42.0
2024-12-16,historico,5311.39,,,,0,51.0
2024-12-23,historico,5311.39,,,,0,84.0
2024-12-30,historico,9403.44,,,,0,75.0
2025-01-06,historico,4092.05,,,,0,27.0
2025-01-13,historico,4092.05,,,,0,63.0
2025-01-20,historico,4092.05,,,,0,48.0
2025-01-27,historico,10034.17,,,,0,45.0
2025-02-03,historico,5942.13,,,,0,6.0
2025-02-10,historico,5942.13,,,,0,51.0
2025-02-17,historico,5942.13,,,,0,51.0
2025-02-24,historico,12140.02,,,,0,66.0
2025-03-03,historico,6197.89,,,,0,27.0
2025-03-10,historico,6197.89,,,,0,45.0
2025-03-17,historico,6197.89,,,,0,0.0
2025-03-24,historico,6197.89,,,,0,18.0
2025-03-31,historico,14934.4,,,,0,75.0
2025-04-07,historico,8736.51,,,,0,48.0
2025-04-14,historico,8736.51,,,,0,33.0
2025-04-21,historico,8736.51,,,,0,48.0
2025-04-28,historico,17866.84,,,,0,48.0
2025-05-05,historico,9130.33,,,,0,51.0
2025-05-12,historico,9130.33,,,,0,57.0
2025-05-19,historico,9130.33,,,,0,39.0
2025-05-26,historico,14679.84,,,,0,0.0
2025-06-02,historico,5549.51,,,,0,0.0
2025-06-09,historico,5549.51,,,,0,0.0
2025-06-16,historico,5549.51,,,,0,0.0
2025-06-23,historico,5549.51,,,,0,0.0
2025-06-30,historico,13897.71,,,,0,0.0
2025-07-07,historico,8348.2,,,,0,0.0
2025-07-14,historico,8348.2,,,,0,0.0
2025-07-21,historico,8348.2,,,,0,0.0
2025-07-28,historico,16060.11,,,,0,15.0
2025-08-04,historico,7711.92,,,,0,21.0
2025-08-11,historico,7711.92,,,,0,27.0
2025-08-18,historico,7711.92,,,,0,42.0
2025-08-25,historico,7711.92,,,,0,51.0
2025-09-01,historico,7856.29,,,,0,0.0
2025-09-08,historico,7856.29,,,,0,48.0
2025-09-15,historico,7856.29,,,,0,33.0
2025-09-22,historico,7856.29,,,,0,51.0
2025-09-29,historico,14984.47,,,,0,51.0
2025-10-06,historico,7128.18,,,,0,0.0
2025-10-13,historico,7128.18,,,,0,45.0
2025-10-20,historico,7128.18,,,,0,51.0
2025-10-27,historico,14194.02,,,,0,51.0
2025-11-03,historico,7065.84,,,,0,51.0
2025-11-10,historico,7065.84,,,,0,0.0
2025-11-17,historico,7065.84,,,,0,45.0
2025-11-24,historico,7065.84,,,,0,54.0
2025-12-01,historico,6836.3,,,,0,90.0
2025-12-08,historico,6836.3,,,,0,42.0
2025-12-15,historico,6836.3,,,,0,54.0
2025-12-22,historico,6836.3,,,,0,51.0
2025-12-29,historico,11301.15,,,,1,93.0
2026-01-05,historico,4464.85,,,,1,51.0
2026-01-12,historico,4464.85,,,,1,33.0
2026-01-19,historico,4464.85,,,,1,48.0
2026-01-26,historico,10250.28,,,,1,48.0
2026-02-02,historico,5785.43,,,,1,45.0
2026-02-09,historico,5785.43,,,,1,63.0
2026-02-16,historico,5785.43,,,,1,48.0
2026-02-23,historico,13188.61,,,,1,54.0
2026-03-02,historico,7403.18,,,,1,39.0
2026-05-04,forecast,,12324.09,5566.94,19081.23,1,42.0
2026-05-11,forecast,,8582.92,1825.77,15340.07,1,42.0
2026-05-18,forecast,,12034.82,5277.67,18791.96,1,42.0
2026-05-25,forecast,,8530.66,1773.51,15287.8,1,42.0
2026-06-01,forecast,,13716.49,6959.34,20473.63,1,42.0
2026-06-08,forecast,,7845.66,1088.51,14602.8,1,42.0
2026-06-15,forecast,,10978.01,4220.86,17735.15,1,42.0
2026-06-22,forecast,,7665.73,908.58,14422.88,1,42.0
